customerid,name,email,phone,address
10,"KATHLEEN WATSON","christopher20@rowe-jones.info",3460136730,"376 Mayer Estate, Lake Sharonhaven, KS 63576"
26,"Thomas Williams",evanmitchell@hotmail.com,2795014556,"147 David Wall Suite 586, Lake Jason, CT 75391"
68,"Chris Jennings",noemail@example.com,6442493631,"47786 Lucas Camp, East Joseph, KS 36909"
69,"Casey Phelps",brownpeggy@yahoo.com,5162319818,"Not Provided"
73,"Lori Meadows",noemail@example.com,2152910867,"33344 Reyes Meadows Apt. 934, South Henry, FL 04272"
108,"Benjamin Friedman",monicacollins@ortega.com,3874302716,"597 Ford Canyon, West Debbiemouth, UT 93778"
151,"Grant Munoz",dwilson@gardner.com,9605673030,"USCGC Nelson, FPO AP 23583"
212,"Kyle Daugherty",walkerandrew@yahoo.com,1949796958,"5557 Steven Summit, Clarkburgh, MS 34015"
231,"Larry Walsh",qharrison@gmail.com,7932382231,"9133 Lopez Shoals Suite 579, Kathleenberg, NE 49622"
291,"Troy Lee",jlloyd@payne-scott.com,1204713727,"Not Provided"
305,"Jennifer Lane","christinapreston@hotmail.com",6934292913,"30162 Joshua Creek, Lake Jasonville, UT 02304"
314,"Robert Johnson","katherinemorton@hotmail.com",1371785090,"6184 Green Corner Apt. 998, Mitchellhaven, WI 10541"
324,"Dr. Grace Young",owilliams@brooks.com,8599144920,"9269 Wang Ports Suite 489, Davishaven, FL 70659"
349,"Monique Wilson","delacruzsandra@ortiz-goodwin.com",1911166122,"2587 James Road, North Kelly, NE 50345"
427,"Pamela Everett","ecisneros@cruz-curtis.biz",8143192797,"USS Murray, FPO AP 91568"
433,"Thomas Carr",btaylor@gmail.com,2190533470,"6484 Watson Fork Suite 521, New Jeffrey, NM 11227"
447,"Tracy Bradshaw",michellehall@carr.com,4410079419,"3810 Klein Inlet Apt. 224, Johnsonside, FL 98072"
469,"Wyatt Henry",floresjohn@yahoo.com,0000000000,"2609 Martin Street Suite 024, Ryanstad, KY 55924"
35,"Steven Faulkner",daniel40@reynolds.biz,6832723865,"2201 Douglas Oval, Proctorberg, DC 84681"
37,"Blake Wu",thomasharmon@miller.com,0778795654,"949 Brown Mountains, New Brett, WA 82331"
42,"Matthew Rodriguez","christinarodriguez@yahoo.com",1194707200,"Not Provided"
72,"Tracy Rivas",usparks@mendoza-moss.com,9543165266,"USNS Smith, FPO AE 73708"
114,"Thomas George",dennis50@hotmail.com,3380339685,"71302 David Extensions, East William, VA 61721"
121,"Bethany Robles",cjackson@gmail.com,2116025643,"128 Davis Square Suite 399, Lake Matthewfurt, SD 74150"
128,"Debra Schultz",anne89@barnes.com,4181861515,"PSC 4234, Box 0163, APO AA 14263"
215,"Jennifer Barnes","montgomerydillon@gordon.biz",5932971509,"832 Wood Well Apt. 273, Davidland, AK 27633"
444,"Michael Gutierrez","hansonheather@walters-harris.net",5103880273,"6362 Jose Green, Shawnhaven, OR 30636"
484,"Heather Flynn",katherinezhang@yahoo.com,8639420122,"49929 Kristin Rest Suite 627, East Roberttown, MA 07397"
25,"Carlos Harris",ellismelissa@hotmail.com,9733977671,"84983 Jack Centers, Benjaminton, OK 79574"
60,"NICOLE PATTON",jackbell@thomas.com,5528938911,"334 Rachel Plain, Lake Coreyborough, NY 93268"
70,"Kevin Henry","stewartrodney@hotmail.com",0000000000,"8645 Amanda Freeway, Pricefurt, KS 39939"
154,"Belinda Porter",noemail@example.com,6528928664,"491 Linda Cove Apt. 096, South Karenside, SC 58710"
190,"Adriana Wall",james96@wallace.com,7412415131,"7815 Ryan Squares Suite 380, East Derrickfurt, IN 88758"
270,"Stephen Neal",andrew97@gmail.com,6007676209,"PSC 1447, Box 3404, APO AE 31279"
323,"Pamela Hughes",floresjulie@gmail.com,3455068826,"768 Christine Pine Suite 401, West Peggy, WY 69682"
375,"JEFFREY PRINCE",eadams@gmail.com,1340785169,"708 Michael Points Apt. 668, West Angela, ND 95608"
437,"Eric Murphy",jessica78@garcia.com,0000000000,"3362 Oneal Roads, Greenmouth, RI 77511"
476,"Michael Esparza",ambermiller@hotmail.com,6350496026,"5272 Kelly Ford Suite 499, Andrewtown, ND 57497"
496,"Melissa Ball",jacksonthomas@yahoo.com,0000000000,"3444 Mark Ranch, Mccoyburgh, KS 44280"
7,"Allison Sanders",noemail@example.com,2005577848,"979 Mills Route, Reginafort, IN 12239"
27,"Lori Benitez",ronald54@hotmail.com,9529978772,"430 Andrew Road, Lake Melaniechester, AZ 44251"
133,"Danielle Ruiz",michael28@yahoo.com,0000000000,"66502 Stacy Shores, Davidfort, NM 89857"
199,"Mary Kennedy",loganveronica@noble.com,2705102876,"8138 Bennett Lights Suite 548, Alyssaborough, SC 36904"
201,"Kevin Murphy",wesley09@yahoo.com,4760440907,"Unit 7727 Box 8105, DPO AE 80837"
206,"Dawn Brooks",tgregory@gmail.com,8166496902,"839 David Isle Apt. 142, Stephenburgh, AL 86826"
216,"Judy Sutton",laurakaufman@hotmail.com,3710068761,"819 Samuel Views Apt. 460, Reginaldhaven, SD 58178"
241,"Taylor Flores",rubiodennis@hotmail.com,8921878519,"837 Andrews Center Suite 977, Brownburgh, OH 59282"
290,"Lydia Watson",ncook@yahoo.com,5089177680,"65742 Kathleen Flat, New Patrickfurt, AZ 06269"
331,"Elizabeth Williams",dhill@hayes.com,6781277822,"179 Curtis Fields, Aprilchester, OK 72082"
364,"LINDA BERRY",clinesteven@thomas.biz,6648698939,"8694 Mark Radial Suite 501, New Dennisburgh, TX 63121"
369,"Sharon Patel",terri25@yahoo.com,3854540064,"7523 Daniel Fields Apt. 748, Flemingland, NV 52686"
401,"Craig Dean",aprilmyers@hotmail.com,9297352595,"22273 Patricia Rapids, North Justin, NJ 91096"
407,"GERALD RAY",noemail@example.com,9165430895,"Not Provided"
459,"Tammy Simmons",noemail@example.com,5076653446,"227 Huerta Walk Suite 601, West Joelstad, VA 97955"
20,"Judith House","wrightalyssa@burns-garner.com",3840460843,"Not Provided"
22,"Matthew White",kwells@gmail.com,0604633312,"PSC 7975, Box 7366, APO AE 80183"
58,"Tina Williams",palmerkatie@gmail.com,5445189520,"7652 Jeffery Parkway Apt. 389, South Stevenland, DC 02778"
67,"KATHY EVANS",robertking@hotmail.com,8297374896,"USS Boyd, FPO AA 61120"
74,"Dennis Williamson",brandi71@harrison.biz,0000000000,"USS Smith, FPO AP 81720"
78,"Tiffany Moore",vowen@yahoo.com,8377674996,"9266 Billy Junctions Suite 327, West Taylorland, NJ 39874"
117,"Melissa Curtis",johnjohnson@yahoo.com,7243992011,"Not Provided"
198,"Brandon Weber",bellangie@cooper.com,4596488319,"2491 Laura Radial, Riverashire, KY 97135"
222,"Eric Miranda",cohensara@gmail.com,2523622925,"USCGC Valdez, FPO AA 95720"
246,"Bradley Johnson","anna96@jimenez-hartman.com",0000000000,"Unit 6358 Box 0688, DPO AE 67183"
297,"Felicia Williams","williamsimpson@solomon-le.biz",0559550178,"8486 Ryan Street, South Tamarashire, LA 71121"
398,"Ricardo Chapman",hunter14@cuevas.net,3326145430,"73100 Tyler Pines Suite 221, West Jessicamouth, OH 37312"
59,"Eric Cox",gerald40@hotmail.com,3223423216,"07603 Antonio Shoals, South Davidview, CA 40038"
85,"Kelly Jones",richard26@gmail.com,8466845504,"PSC 9267, Box 3899, APO AP 58453"
106,"Melissa Clark",brooksbarbara@gmail.com,0000000000,"59999 Baird Ford, Brownfurt, NJ 14740"
272,"Faith Howard",rmolina@gmail.com,5829582923,"61880 Barbara Glens Apt. 357, West Jessicastad, MO 69067"
338,"Gwendolyn Jackson",noemail@example.com,3818655078,"509 Avila Trail Suite 430, West Courtney, TX 67650"
344,"Anita Bryant",noemail@example.com,2918768316,"717 Bryan Spur, East Scott, VA 28979"
416,"Rebecca Williams",zjones@hotmail.com,2240507648,"7546 Cindy Village, West Brendan, SC 71492"
454,"ZACHARY GONZALEZ",michellehoward@yahoo.com,3300008863,"3919 Aaron Pike Apt. 141, Yatestown, CO 50895"
8,"Jacob Green",smithlisa@gmail.com,0774064930,"8663 Jennifer Rue, Claytonbury, CO 55844"
32,"HENRY COOK","beltrankatelyn@bradley-davis.info",7477332945,"7701 Rodriguez Neck Suite 245, New Dakota, VT 14523"
61,"Michael Lopez","maryzavala@lewis-perez.com",2754801571,"473 Roberts Walk Suite 317, Harryfort, CT 52453"
76,"Michael Graham","alexandervanessa@hotmail.com",1513422849,"089 Robert Club, Port Tyler, MA 03903"
152,"Benjamin Sullivan",hsavage@gmail.com,5423567782,"Unit 6596 Box 0893, DPO AE 95229"
188,"Michelle Wilson","mcknightbrandon@hotmail.com",6472298120,"765 Thompson Stravenue Suite 134, Petersonshire, NC 76500"
200,"Sara Castro",gina86@hotmail.com,0000000000,"USS Gonzalez, FPO AA 69445"
208,"Lisa Walton",noemail@example.com,4670462268,"51602 Anderson Parkways Suite 707, Hendersonton, NE 34402"
223,"Timothy Kennedy",noemail@example.com,6060652740,"44505 Gibbs Islands, Port Jason, NV 36409"
234,"Kerry Williams",noemail@example.com,9328963406,"7524 Charles Station Suite 399, North Karinaberg, NJ 21505"
239,"Dennis Zimmerman",linda52@gmail.com,8848826913,"2585 Anderson Lights Apt. 499, West Yvonnemouth, AZ 32732"
295,"Melissa Johnson",heatherpatrick@yahoo.com,0000000000,"17221 Townsend Spurs, Bethfort, MT 16572"
352,"Antonio George Jr.",lsimmons@gutierrez.com,4203403010,"9756 Dean Land Suite 955, Ronaldburgh, KS 63359"
355,"Chase Gomez","mariahlyons@smith-brown.com",5901107977,"04938 Lori Port Suite 905, Lake Whitney, MD 23061"
396,"Amanda Norris",mccarthymichael@rice.com,4757694535,"Unit 6597 Box 4669, DPO AP 50610"
472,"Kelly Long","briancook@waters-green.com",8927396159,"0535 Cole Street Suite 897, Pagestad, GA 57692"
482,"Shannon Hernandez",jeanking@morris.org,0487706769,"29986 Davis Well, East Matthewside, LA 57293"
5,"Chad Barry",jevans@hotmail.com,6120347175,"845 Robert Keys Apt. 998, Port Justin, TX 67405"
16,"Robert Davis","jessicacummings@yahoo.com",7919409610,"PSC 5566, Box 1390, APO AP 83363"
45,"Charles Valdez",sanchezdeborah@gmail.com,0417929111,"36565 Theresa Ports, West Mary, IL 06476"
53,"OSCAR SMITH",johnsonlaurie@newman.com,7492424375,"Unit 0254 Box 7292, DPO AP 70666"
64,"Samuel Ramos","thompsondonna@dyer-martin.biz",4671978897,"064 Garza Lane, Katieport, AR 04190"
134,"Erika Duran",ganderson@gmail.com,0000000000,"7163 Jessica Ferry Apt. 414, Lake Lori, NJ 93098"
139,"Erika Potts",rickycarr@yahoo.com,0534240891,"498 Lisa Forges Suite 439, Moorebury, VA 57373"
141,"Adam Rivas",johnmiller@mays.com,1851327972,"Not Provided"
174,"Charles Garner",williamlyons@alvarez.com,6617662047,"94097 Rebecca Knoll Apt. 774, East Michaelhaven, MI 93067"
220,"Deborah Ramirez",noemail@example.com,0513717173,"749 Bonnie Wall, Lake Oliviaborough, SC 81033"
276,"Tracy Jones",ywright@hotmail.com,2359737112,"7560 Reid Coves, Wellsview, OH 92519"
277,"Austin Baker",pmorales@gmail.com,0219237858,"296 Anita Fort, East Kevin, UT 51712"
379,"Daniel Taylor","wesleycalhoun@hotmail.com",8822473126,"71058 Christopher Ports Suite 092, Blackwellville, TN 11795"
388,"Whitney Hawkins",meredith21@gmail.com,9642603362,"5582 Jonathan Mountain, Lake Caitlintown, NV 15513"
491,"Amanda Lam",seanmelendez@hicks.info,8222667941,"865 Wayne Isle Apt. 673, Harrisburgh, NY 91412"
79,"Carl Leach",dphillips@jones.biz,0000000000,"459 Todd Mission Suite 523, North Julie, KS 88766"
136,"Anthony Williams",jason74@garcia.com,2555989534,"12910 James Mission Apt. 189, Kevinfort, ID 70435"
140,"Steven Davis",llopez@hudson.com,0000000000,"PSC 6182, Box 0916, APO AA 03216"
171,"Jenny Rasmussen",samantha94@elliott.com,2342683441,"266 Dillon Mills Suite 857, Ronaldchester, NH 04128"
187,"Mr. Richard Hall",kimberlyrussell@wade.com,2973270216,"120 Johnson Expressway Apt. 288, Strongstad, MO 91848"
195,"Jamie Jordan","ehoffman@velez-ferguson.com",8173906375,"452 Cody Extension, Port Sheri, IA 11496"
245,"Kimberly Price",barnettcameron@gmail.com,0000000000,"998 Sherman Row Apt. 452, Gallagherport, NE 53485"
345,"Mary Levy",hunter29@browning.com,6591438823,"PSC 5539, Box 8358, APO AA 35468"
478,"Steven Bailey",jamiesmith@sanchez.com,5550193545,"69888 Neal Fords, Port Kimberly, GA 39107"
499,"Robert Faulkner",kaitlynbean@jacobs.com,6992066617,"USCGC Thompson, FPO AA 49909"
15,"Mark Mckenzie",annalewis@hotmail.com,6004908240,"50488 Clinton Mount, Ericview, OR 33250"
28,"Robert Lewis","jonathan14@hunter-nguyen.com",5569902355,"PSC 7702, Box 7278, APO AA 61117"
48,"Paul Villanueva","nguyencorey@gutierrez.com",2397265273,"52090 Taylor Walk Suite 762, Jeffreyport, GA 84124"
92,"Kathy Avery",floresangela@gmail.com,4891382496,"58238 Ali Point, Williamsmouth, RI 38413"
95,"Rhonda Walker",noemail@example.com,3614987283,"92124 Nicole Stream, Jamestown, TX 70354"
131,"Michele Brady",lawsontami@conrad.com,5285067625,"Unit 5381 Box 4474, DPO AA 28427"
232,"Lauren Michael",noemail@example.com,5097753967,"Unit 7948 Box 7148, DPO AA 44705"
240,"Mary Hill",marthalucero@gmail.com,7320430977,"2896 Francis Squares, Lindaview, MN 48278"
318,"Richard Miller",ocarter@moore-shah.com,5582430176,"8988 Kelsey Street Apt. 538, Port Toni, VA 18097"
439,"AMBER THOMAS",msimon@hotmail.com,3971705984,"PSC 4514, Box 3672, APO AP 51778"
487,"Michelle Price",darren37@gmail.com,5760634942,"6175 Garcia Plaza, Smithland, NM 81729"
493,"Stephen Harris",vdavis@ferguson.org,4203983135,"45996 Johnson Light, North Christina, ND 58066"
40,"RYAN BISHOP",joseph14@hotmail.com,6739385258,"06181 Bell Stream, Johnathanton, RI 12551"
51,"Christine Cohen",noemail@example.com,1657905528,"53817 Karen Trace, West Michael, NY 89659"
184,"Dr. Daniel Brown",penny85@alexander.com,2290310287,"304 Smith Vista, Amberton, IA 46340"
261,"Alan Kennedy",james76@gmail.com,0000000000,"794 Joe Park Apt. 670, Crystalmouth, ME 90161"
281,"Kyle Santiago",leahbarker@mcdaniel.net,5379821433,"75367 Randolph Mount Suite 249, West Davidfurt, OH 52022"
319,"Ronald Brown","robertsdanielle@yahoo.com",3335384951,"11197 Griffith Turnpike, New Brandonborough, OR 12483"
368,"Margaret Holder","rodriguezbrianna@olson-simpson.net",3129957047,"Not Provided"
372,"Virginia Rose","torrestricia@riley-anderson.info",4724630198,"424 Rebecca Village Apt. 972, East Ashley, FL 15276"
445,"REBECCA HOUSE","barnesrichard@hotmail.com",8849874551,"8727 Shawn Flat, Lake Tammyside, DE 14349"
452,"Andrew Rodriguez",stephanie89@jackson.net,4786862376,"Unit 0884 Box 4740, DPO AP 98700"
4,"Emily Smith","ucarpenter@salazar-green.net",9552763655,"2929 Lisa Stravenue Suite 386, Gonzalezberg, AL 23649"
66,"Ariel Leonard",wshaw@hotmail.com,3718344049,"191 Nelson Port, Simmonsstad, CA 85899"
122,"Jessica Hall",carterdaniel@yahoo.com,5256904098,"5528 Daniel Branch Suite 524, South Erin, PA 37645"
156,"Christopher Armstrong",angelamyers@hotmail.com,2626582631,"196 Hood Estate, Jamesland, NE 02013"
202,"Brittany Fitzgerald",barnesmegan@ramos.com,0552958066,"38241 Scott Harbor, Lake William, SC 98389"
217,"Caleb Thomas",bowenmichael@hotmail.com,1517734547,"494 Kathleen Drive Suite 035, Jenniferport, GA 74902"
228,"Travis Johnson","cwilliams@gonzalez-wise.org",1289812317,"563 Tracie Union Suite 748, South Allenfurt, MT 52970"
263,"Loretta Miller",umorrison@yahoo.com,7634250733,"9782 Frye Oval Suite 983, New Cassie, VA 08439"
292,"Jordan Porter",cranekevin@yahoo.com,2833372188,"9541 Francisco Orchard Apt. 506, Briggsberg, NJ 04511"
320,"Christina Robinson",yvonne06@gmail.com,7561786880,"00915 Rodriguez Crossroad, East Haleymouth, SC 92623"
322,"Brittany Allen",matthew11@yahoo.com,4288605053,"6081 Julie Meadow Apt. 030, West Peter, PA 12085"
423,"Eric Anderson","nortongregory@sexton.info",5856646419,"42192 Stokes Fall, East Isaacport, CA 06461"
483,"Stephen Cook",mariaweaver@yahoo.com,6208467292,"551 Jackson Estate, East Molly, WV 14432"
52,"ANTHONY WATSON",hmason@yahoo.com,7951371162,"24127 Nancy Pike, West Robertside, NJ 45943"
107,"Victor Fowler",noemail@example.com,9702316433,"0580 Mark Loop, Mooreville, ND 55343"
113,"Christopher Gill",bjones@hotmail.com,7683890309,"3639 Brian Landing, Phillipsberg, IL 84654"
158,"Ryan Durham",ygarcia@gutierrez.com,6657224029,"55799 Eric Streets, Saraborough, AK 70749"
181,"BILLY WRIGHT",wthornton@wallace.com,5881056974,"348 David Stream, North Tiffany, NV 85685"
219,"Eric Walker",santosmichael@yahoo.com,0833506158,"79833 Robles Falls, East Hannah, HI 05774"
249,"BRIAN PEREZ","christophersteele@gmail.com",6957279083,"90254 Michael Flats Apt. 662, Williambury, SC 25973"
301,"Nicole Jones",dgrant@morris-wood.com,7309505560,"Unit 7121 Box 9881, DPO AP 18296"
317,"Scott Thompson",pgilmore@hotmail.com,6381643212,"289 Russell Estate Apt. 362, Jenniferhaven, IL 14144"
332,"Ronald Mueller","katherinedelacruz@gmail.com",3182856053,"079 Powell Crest Suite 706, Youngfurt, WI 19708"
376,"Lisa Moore",riceamber@hotmail.com,8917879150,"57197 Johnson Ranch Apt. 201, South Nicole, MI 60080"
384,"Aaron Miller",samueledwards@howard.biz,3259479507,"73279 Sarah Station Suite 031, North Toniport, RI 28842"
385,"Patricia Smith",ramirezdavid@johns.com,4913599285,"9520 Hughes Bypass, South Tamarashire, AL 84927"
391,"Amy Davis",noemail@example.com,0000000000,"2322 Jimenez Vista, Lake Nancy, MN 94591"
415,"Nicholas Martinez",adiaz@yahoo.com,5302453012,"Not Provided"
83,"Scott Gordon",ryan93@hoffman.com,8910771199,"081 Crystal Ways, West Eric, VT 58371"
119,"Lori Oneill","carternicholas@brown-johnson.com",4090138069,"Not Provided"
229,"Ariel Ward",noemail@example.com,1670450232,"227 Bruce Unions, Port Jodi, MN 81445"
230,"Christopher Thompson","michaelbuckley@johnson.com",0050702608,"10531 Mcneil Creek, Marshallchester, ND 58227"
307,"Jesse Turner","rharris@stuart-nelson.info",7203763882,"414 Francis Brooks Apt. 913, Johnnybury, TN 73371"
311,"Matthew Perez","wilsonrhonda@richardson.biz",1276025082,"12312 Rodriguez Forks Apt. 488, Oliviaburgh, PA 70342"
363,"STEPHANIE PETERSON",hullmanuel@davis.com,0000000000,"44096 Bruce Mountains, Mosleyland, NC 17117"
373,"Miss Kathryn Myers",tonyaholmes@glass.com,2101023200,"6610 William Roads Suite 610, Port Kennethstad, WY 12682"
374,"Thomas Young",debra19@hotmail.com,0000000000,"6205 Harding Summit, Kimland, AK 90813"
382,"Kevin Robinson",sarah83@hotmail.com,4628055077,"PSC 0657, Box 9551, APO AA 52545"
386,"Kenneth Hahn","paynejennifer@baker-osborne.com",3944953006,"55032 Poole Cliffs Suite 365, Davidfurt, LA 14364"
400,"Brian Bartlett",lisa78@johnson.com,0000000000,"439 Kayla Forge, Riceland, GA 05099"
428,"Wayne Barnes",michael72@lowe.com,6862959125,"Not Provided"
495,"Jennifer Evans","harriswilliam@hotmail.com",8172628296,"8500 Thomas Parkways Suite 927, Christopherchester, AL 55942"
29,"Jennifer Newton",angela03@hotmail.com,0568299629,"504 Miller Wells Apt. 574, New Kevin, MN 05402"
55,"Ms. Bridget Cunningham",hannah70@gmail.com,9375150939,"01871 Lee Island Apt. 562, Woodstad, LA 45710"
57,"Justin Ford",moorekevin@flowers.com,4719597964,"158 Megan Estates Apt. 257, West Frank, MN 55487"
102,"Cheryl Gray",carol30@hotmail.com,3842530428,"Not Provided"
287,"Chelsea Buchanan",katiepalmer@gmail.com,0722395947,"132 Carlos Lane, North Justin, NM 89305"
308,"Laura Middleton",amadden@benjamin.net,2146449369,"67933 Williams Junction Suite 738, Trevorchester, AK 90905"
361,"David Baker",noemail@example.com,7028516225,"648 Aaron Ports, West Amanda, UT 66274"
485,"Heather Lee",phuff@smith.org,0193353892,"1193 Phelps Square Apt. 608, South Todd, MD 52926"
93,"Carol Brown",carla65@hotmail.com,9840289141,"84639 Henson Junctions, Tiffanymouth, IA 87306"
94,"Mrs. Julia Greene","deborahsmith@smith-smith.com",1807156956,"75370 Julia Trace, Erinstad, CO 80906"
112,"Daniel Weaver",noemail@example.com,0650637314,"Not Provided"
130,"Catherine Andersen",joshua68@hotmail.com,4146511131,"48706 Timothy Passage, South Alexanderborough, WA 01456"
132,"Mark Long",noemail@example.com,5097545105,"5016 Gonzalez Pines, South David, AL 20899"
163,"Misty Perez",noemail@example.com,1041459642,"PSC 9712, Box 5296, APO AP 59061"
189,"Tanya Mitchell",katherine20@hotmail.com,9951542144,"44913 Thomas Ford, North Carmen, ND 71006"
340,"Marc Cisneros","campbellkayla@johnson.com",1987809270,"88856 Pamela Isle, Butlermouth, WI 76990"
371,"Jessica Wagner",lreed@king-rangel.com,8385179937,"53912 Horne Passage, Morganfurt, RI 74936"
405,"Matthew Hicks",uperez@yahoo.com,7055491215,"19556 Smith Skyway Apt. 969, New Manuel, NM 47392"
408,"Rebecca Mitchell",smithrobert@marshall.biz,9741636560,"Not Provided"
417,"Shane Alexander",matthewbrennan@gmail.com,0000000000,"73379 Laura Courts, North Christopher, DE 70089"
450,"Brian Fernandez",paulthomas@gmail.com,1045461719,"0744 Richard Drive, Port Kevin, WY 17769"
461,"Stacey Ortiz",kristy47@yahoo.com,2903500618,"2235 Cain Inlet Apt. 466, North Edward, WY 84019"
3,"Christine Harris",eric11@lowe.info,7595794728,"208 Mendoza Plains, New Michaelburgh, DE 92021"
50,"Melissa Garcia",noemail@example.com,4310742799,"2625 Padilla Alley Apt. 658, West Ronaldview, RI 71599"
71,"Rodney Young",ruthwelch@sullivan.info,2481569857,"Not Provided"
162,"Laura Smith",david60@hotmail.com,1644556185,"4771 Pace Cove, East Brandontown, CT 42818"
183,"Nathan Mack",noemail@example.com,0441384596,"4490 Kurt Shore Suite 427, Smithtown, AZ 47519"
205,"Ann Ayala",noemail@example.com,5596905150,"5125 Martin Plains Apt. 079, Watkinschester, MO 62573"
214,"Becky Foster",noemail@example.com,6536945515,"67747 Sandra Fall Suite 408, Kathrynburgh, CT 50747"
237,"Mary Garcia",qobrien@yahoo.com,0000000000,"0577 Shelby Via Suite 039, North Crystal, CT 38810"
275,"Larry Harrison",angela73@hotmail.com,8718274968,"9187 Rachel Hill, North Kelly, NE 14876"
294,"Samantha Howard",martinkyle@williams.com,9032671494,"421 Obrien Green, Lake Kimberly, CT 65567"
304,"ROBERT SULLIVAN",erik83@cook.org,3228360849,"Not Provided"
330,"Joshua Miller",melissanolan@gregory.org,0613638527,"Not Provided"
335,"Tiffany Holt",mproctor@holt.com,0000000000,"52386 Myers Flat Apt. 097, Omarland, CA 94795"
410,"MICHAEL FLOYD",fostersarah@hotmail.com,9344974394,"88223 Brittney Parkway Suite 297, New Elizabeth, SD 68971"
425,"Kimberly Lee",moniquesmith@hotmail.com,5243838058,"299 Brian Locks Suite 276, Port Jeremy, OH 27607"
474,"Crystal Brooks",amoses@silva.com,2698014264,"68017 Stephenson Trace, East Lindaland, ID 58913"
498,"Daniel Duran",graveslisa@yahoo.com,8821597738,"2323 Johnson Lodge Suite 998, Campbellland, MN 76716"
14,"Morgan Davenport",susandavis@hall.com,2886195761,"685 Amanda Rapid, Mahoneymouth, MD 49223"
21,"MELINDA HARRIS","haley82@forbes-daugherty.com",0000000000,"31220 Obrien Ridge Apt. 933, West Christopherfort, NY 79761"
36,"Shannon English",shawncoleman@yahoo.com,9097384689,"751 Nixon Common, Lake Jessica, WV 37125"
81,"Nancy Wallace",csmith@hotmail.com,3496050166,"76789 Hall Circle Apt. 695, West Patriciachester, NJ 15828"
110,"Nicole James",randysmith@gmail.com,7711837274,"91241 Jackson Skyway, Lake Joshuamouth, HI 28900"
135,"Ashley Cross","victoriagarza@hernandez.com",2609310668,"56708 Schneider Hollow, West Michaelstad, MT 32871"
235,"Renee Tapia",phartman@myers-lee.com,3426192372,"18481 Hall Mill Suite 189, Hernandezmouth, KY 05871"
251,"Barbara Walker","smithmadison@pineda-newman.com",9457727853,"4250 Trujillo Divide, South Robertside, IN 53222"
259,"RUSSELL PHILLIPS",jeffery45@hotmail.com,8044210175,"PSC 0961, Box 7015, APO AP 47880"
274,"Michael Evans",jared69@hotmail.com,0755047681,"706 Sydney Trace Apt. 748, North Johnville, MS 98680"
321,"Nicholas Morrow MD",khanerin@yahoo.com,0149118941,"68750 Katherine Lodge, East Lisa, IL 80005"
356,"Leroy Shaw",znoble@hotmail.com,9716698416,"PSC 1237, Box 4077, APO AP 35388"
399,"Daniel Ochoa",ryanbullock@yahoo.com,1732086523,"Not Provided"
421,"Emily Ortega",ryanford@hotmail.com,6294206615,"851 Jamie Coves, Lake Amanda, AZ 06216"
422,"Joseph Rosales","fuenteschristopher@davis.com",5826868764,"PSC 1918, Box 5488, APO AE 51548"
463,"Jose Willis",kaiserrichard@gmail.com,2125434123,"Not Provided"
490,"TONYA BELL",paula72@hotmail.com,5418589900,"291 Kimberly Inlet Suite 078, Smithbury, MT 99184"
116,"Colton Smith",asullivan@yahoo.com,9160169236,"USNV Hicks, FPO AA 83729"
146,"Jennifer Brown","lynndaugherty@hotmail.com",7756620563,"59503 Martin Coves, East Carlaport, OH 26941"
157,"Leslie Johnson",ujohnson@lucero.com,3343836404,"Not Provided"
176,"Samuel Moore","portererin@wolf-zavala.com",2661094101,"025 Holly Lane Apt. 983, West Travis, LA 30057"
252,"Mark Clark",dstephenson@hotmail.com,5556283333,"8654 Philip Mountains Apt. 874, Williamsborough, OH 21042"
339,"ANGELA COLLIER",mmartin@hotmail.com,4015364154,"3132 Harvey Forest Suite 781, Port Ronald, MD 06503"
413,"Scott Lee",isaac63@hotmail.com,0437968680,"294 Mullins Causeway Apt. 177, Calebview, AZ 40097"
426,"Kathryn Orozco",lisarussell@miller.net,3684101328,"92188 Michael Ferry, Mclaughlinland, NJ 43147"
457,"Anthony Taylor",jasmineryan@barker.com,4026208581,"73536 Moore Forges Suite 700, Christopherville, OH 18784"
1,"Kelly Mclaughlin",dunnjessica@herman.com,9376904268,"451 Walter Via, Heatherfurt, NJ 32387"
24,"Alexander Chavez",udavis@wong.com,1751868926,"59222 Kayla Center, Parkermouth, SC 24185"
39,"Kenneth Wilkinson",karla10@marshall.com,7428604765,"USS Davis, FPO AP 84049"
41,"Kristopher Shannon",noemail@example.com,1244717465,"0665 Jonathan Via, Gregoryland, ID 80494"
120,"Seth Morales","guzmanmisty@tapia-walton.com",8630505057,"9156 Hatfield Walks Apt. 649, Lake Douglas, OK 94435"
145,"David Smith",kathyharrison@gmail.com,5704120092,"6784 Fletcher Manors, West Teresa, MS 16902"
269,"Danielle Jensen","harveymercedes@conrad-turner.biz",5336514604,"2473 Samantha Summit, South Gregville, VA 31277"
280,"Eric Fry",stodd@hotmail.com,0000000000,"444 Lawrence Islands Apt. 935, Jamesmouth, TX 54442"
286,"Ann Moon","wrightalicia@chavez-carter.biz",4281319092,"2303 Carlos Courts Suite 281, Transtad, HI 20518"
299,"BRIAN YOUNG",gregory30@hotmail.com,1242446263,"Not Provided"
360,"Paul Lane",adamsbrianna@gmail.com,9615607832,"6517 White Route, New Saraport, RI 49825"
362,"ANDREW GRAHAM",wmendoza@hotmail.com,6091141319,"PSC 3592, Box 3613, APO AE 62774"
387,"David Perkins","jefferywalker@chase-jones.com",0000000000,"11667 Laura Ridges, West Peggymouth, NH 44289"
389,"Gregory Martin",noemail@example.com,5818970591,"638 Cook Plaza, Lake Briannamouth, WA 61285"
443,"George Cruz",brendacarroll@yahoo.com,4369028377,"89666 Matthew Gateway, Gregoryland, KS 34111"
11,"Christina Clay",youngryan@jackson.org,6300979251,"Not Provided"
17,"Eric Williams",wayne32@nunez.info,6462251790,"68622 Hansen Oval Suite 938, East Charles, NE 42891"
75,"William Lambert","carpenterjorge@vasquez.com",5027456449,"562 Doyle Overpass Apt. 870, East Brian, AZ 62137"
87,"Virginia Cunningham",kevin92@gray.net,3571266110,"3715 Chapman Path, Wigginsshire, SC 55999"
129,"Becky Fox",wdavis@hotmail.com,4849102562,"9240 Diane Divide Suite 940, Jasminebury, PA 55321"
211,"James White",copelandryan@gmail.com,9449883059,"2480 Browning Springs Suite 406, North Kimberly, DC 36515"
213,"Matthew Duncan",whoffman@clark.com,0299295966,"Unit 0487 Box 3682, DPO AA 80077"
257,"Brandi Reed",tracyadams@yahoo.com,2131251293,"05912 Welch Isle, New Davidberg, WA 11138"
267,"Jennifer Jones",clarkbrandi@bailey.org,3280944858,"453 Hurst Lock, Lake Justintown, PA 85882"
278,"ANTHONY FRENCH",brenda04@flores.info,3777312688,"28217 Ashlee Gateway, Francostad, KS 53767"
296,"Mary Powers",pauladouglas@yahoo.com,6351004627,"Not Provided"
336,"VALERIE SIMPSON",nweaver@hotmail.com,8937085806,"0405 James River, Ginashire, AK 88713"
342,"David Day",miranda13@nguyen.com,4448896699,"Unit 7273 Box 6774, DPO AP 54670"
353,"Breanna Patrick",csmith@hotmail.com,1810306831,"72680 Zachary Valleys Suite 712, Port Jennifermouth, AR 61247"
409,"Brenda Dominguez",jamie59@ball-white.com,2827636431,"Not Provided"
414,"Fernando Moore",martinlisa@hotmail.com,2752332829,"02569 Jason Wells, East Andrewborough, MT 61901"
429,"MARK THOMAS",tgarza@gmail.com,0000000000,"4183 Rodriguez Mountain Apt. 478, Jamieshire, ND 14501"
430,"Eileen Silva MD",alejandro92@hotmail.com,2102627066,"82484 Meyer Trail, North Angela, OK 73317"
466,"Stephanie Smith",nunezjennifer@yahoo.com,0244323622,"Unit 1690 Box 6968, DPO AA 60255"
9,"Kellie Marsh",deborah84@yahoo.com,1224179749,"20802 Julian Crossroad Suite 031, North Tristan, MT 41339"
31,"Joseph Mejia",edward41@mullen.net,3858542493,"587 David Mountains Apt. 160, South Philipshire, UT 92168"
125,"Jaime Holt",noemail@example.com,0000000000,"Unit 7419 Box 2676, DPO AA 75398"
180,"Jeffrey Prince",james60@gmail.com,1903689003,"27240 Bailey Shoal, West David, NJ 86691"
186,"Brittany Farmer","benjaminvictoria@gordon.biz",1809788754,"Not Provided"
224,"David Nguyen",ccrane@hotmail.com,9601054857,"PSC 1721, Box 5622, APO AP 39672"
247,"Michael Lozano",ododson@flores.org,3140352635,"PSC 6022, Box 9394, APO AA 89681"
253,"Teresa Reynolds",bensonpaul@hotmail.com,4926932657,"5998 Erica Turnpike, North Andrewton, CO 41565"
264,"Chloe Lindsey","krystalhenderson@gmail.com",0061572768,"Not Provided"
283,"Steven Knight",noemail@example.com,8532089532,"89021 Pacheco Crossing Apt. 363, South Chelsea, HI 29381"
293,"Jacob Parker",zreilly@hotmail.com,6634392529,"11102 Vasquez Course Apt. 007, North Dennis, MN 89464"
327,"Claire Hoffman",noemail@example.com,1434682394,"Not Provided"
357,"Ronald Gill",jasonbarker@hotmail.com,1970142620,"782 Christopher Centers, Lake Elizabeth, SC 87066"
393,"Kiara Wilson",john84@harvey.com,9131670805,"6706 Jackie Drives Apt. 986, Michaelport, LA 33889"
403,"Tonya Mccarthy",wleblanc@yahoo.com,4673574223,"Unit 3222 Box 8019, DPO AA 33761"
458,"Evelyn Dunn",fullerkristie@yahoo.com,6100792304,"12838 Stephen Burgs, Lake Natashaburgh, DC 74923"
477,"Aaron Goodman",bmathis@gmail.com,8019290221,"PSC 4390, Box 4489, APO AE 77149"
480,"Austin Smith","danielle93@peterson-odom.com",2267131753,"4752 King Cove, Lake Anthony, NE 16290"
486,"Brian Cohen",wellsryan@gmail.com,0095372346,"231 Tonya Flat Suite 109, Justinland, ME 18486"
492,"Sarah Avila",harmonleslie@hotmail.com,1704861867,"20162 Thomas Valleys Apt. 891, South David, MT 92569"
30,"Susan Wallace",jstein@peterson.net,2307681040,"7018 Johnson Trace, Danielleborough, ID 25738"
62,"Matthew Miller",noemail@example.com,9613674994,"7967 Hernandez Motorway Apt. 147, Hallberg, CT 97205"
164,"Kelly Allen",ubray@hotmail.com,1583311703,"6371 Clark Ramp, Kathleenport, NH 86391"
210,"Edward Butler",kenneth09@gmail.com,3218122764,"938 Williams Islands Suite 029, South Williamland, SC 98708"
303,"Tara Morrison","daniel45@beasley-white.com",1304488189,"416 Larry Wells Suite 154, East Caseyshire, CT 63019"
358,"Anna Galvan",mikemiles@duncan.org,7088948018,"PSC 4482, Box 2175, APO AP 67759"
383,"Justin Daniel","fernandezmathew@rodriguez-snyder.com",1117861902,"Not Provided"
80,"JOSEPH SMITH","jacksonthomas@sullivan.info",4122031030,"368 Christopher Trail, Hernandezchester, DE 22272"
88,"MELISSA GOULD PHD",drewmartinez@hotmail.com,1377028519,"59408 David Inlet, Kevinfort, WY 19227"
126,"Frederick Reeves","bhess@hawkins-herrera.net",1312920875,"321 York Bypass, North Williamstad, GA 55951"
127,"Mary Wright",donna72@henry.com,1030324329,"2961 Green Run Apt. 671, Ericaberg, IL 09749"
161,"Michelle Lewis",annacruz@hotmail.com,8318491966,"30770 Fisher Crossing Suite 295, Youngtown, AK 84867"
166,"Amy Nelson","wongjessica@lee-lopez.com",7861031310,"PSC 9431, Box 8143, APO AP 92187"
169,"Jason Robinson",noemail@example.com,6148782455,"4309 Flowers Crossing Suite 795, Danieltown, TX 19785"
226,"Katherine Andrews",noemail@example.com,7931647725,"8606 Smith Village Suite 003, Ronaldview, IN 77096"
302,"Juan Arnold",weberantonio@hotmail.com,0104246245,"Not Provided"
312,"CINDY COLE",qramirez@lewis.com,6468719120,"769 Brian Falls, Port David, AR 67140"
315,"Roger Roberts","nicolas08@mcdonald-williams.com",4365515848,"136 Lauren Pass Apt. 550, Kyleburgh, OK 49695"
337,"Douglas Weaver",joseph28@yahoo.com,2594232894,"89156 Jose Spur, Jacobmouth, NJ 23818"
366,"Denise Leach",djimenez@yahoo.com,6577580974,"89062 Melody Land, Laurenfurt, DC 83539"
367,"Jason Haynes",sandersmatthew@reed.biz,2122427677,"9160 Christian Harbors, North Nathanhaven, KS 70415"
378,"Jessica Thompson",lcook@cole.com,8545705682,"57090 Bryan Locks, Lake Rachel, KY 07426"
395,"Amanda Moss",phernandez@collins.org,6433853247,"Unit 2505 Box 8333, DPO AA 27017"
397,"Amy Clark","christiancooper@yahoo.com",8095948152,"5966 Richard Falls, Port Sandratown, KY 18419"
440,"Mrs. Catherine Robinson","allisonpeterson@sweeney-wilson.com",3978145900,"77905 Hernandez Wall, Middletonshire, IN 49478"
465,"Jeffrey Walker",johnsonsandra@rice.com,3716160881,"23996 Castillo Trail Apt. 837, Maryton, MT 73856"
473,"Laurie Huffman",dylan27@dalton.com,2227111757,"1620 Moore Plains, Danielview, OH 53473"
34,"Linda Wilkins",dnewman@gmail.com,2902278469,"54946 Mooney Prairie, New Valeriefurt, DC 39060"
90,"Stacy Fitzgerald","jasminearmstrong@parker.com",0000000000,"43397 Lindsay Rest, Richardton, AK 45059"
137,"Amanda Lee",patricia71@yahoo.com,7688029424,"367 Gabriel Terrace, Hartfurt, PA 36086"
173,"Kelli Hart",jeffreylowe@gmail.com,3110291813,"87601 Sullivan Ferry Apt. 849, Villarrealville, FL 83888"
175,"Kayla Thompson","diana95@espinoza-buchanan.com",7929884259,"USNV Silva, FPO AA 09357"
185,"Jonathon Wilson",jameshudson@perry.com,5955657490,"2901 Lindsey Pass, Shelbyfurt, OR 04773"
244,"Alexander Stein",sosajacob@hotmail.com,1295927282,"90814 Rodriguez Springs Apt. 982, South Jamesberg, MA 60095"
248,"Sharon Sims","robert06@bennett-kirby.com",0723111271,"46484 Foley Green Apt. 163, New Meghanborough, NC 05179"
288,"Krista Barber",kristin96@yahoo.com,0319541966,"57303 Hampton Terrace Apt. 792, Randyberg, IN 58045"
309,"Keith Taylor",harrisrobert@hotmail.com,0000000000,"49731 Mclean Ridge Apt. 149, North Thomas, ND 22394"
310,"Melissa Smith",lauraclay@gmail.com,8939406557,"19043 Lynn Fort, Lake Harryborough, DC 39167"
394,"Andrew Sanford",gailjacobs@gmail.com,5049627322,"14243 Wade Village Suite 854, North Erin, NY 83893"
442,"James Bullock","nicholasmorales@yahoo.com",3589693353,"058 Cantrell Terrace, Davisport, TN 32785"
488,"Chelsea Evans",khanjustin@griffin.com,7234565386,"025 Mejia Land Apt. 626, West Haleyburgh, NC 57369"
2,"Tonya Ellis",olsonjonathan@yahoo.com,5880434165,"5539 White Summit, South Jillian, WA 32227"
12,"Michael Howard",noemail@example.com,0000000000,"570 Gross Brook Suite 935, Lake Tammyfurt, NC 90052"
33,"Matthew Sparks",pgarza@hotmail.com,8276153966,"321 Wilson Ranch Suite 581, Thompsonfurt, PA 14754"
115,"Nathan Sanchez",kevinray@harris.com,6896270661,"828 Jonathan Mountain Suite 746, Jonesberg, NJ 26153"
142,"Harry Mitchell",vasquezvicki@gmail.com,4519515109,"592 Hernandez Shores Suite 945, West Sabrinastad, VT 10510"
155,"Renee Contreras",jeffreygibson@yahoo.com,0000000000,"446 Adam Mall Apt. 002, Maryhaven, WA 79137"
193,"Mr. Mark Williams",noemail@example.com,1995298006,"8108 Michael Flat Apt. 863, Lauriestad, MT 28762"
204,"Dustin Ramirez",mperez@yahoo.com,2447417595,"209 Moore Port Apt. 654, West Holly, OH 97904"
207,"Stephen Turner",joelharris@ramsey.net,0000000000,"65469 Ferguson Key Suite 903, Port Joe, MA 66227"
233,"Charlotte Peterson DVM","barnettmatthew@hotmail.com",0821371184,"7681 Raymond Pass Apt. 230, Lake Julie, PA 20393"
238,"Rebecca Daniel",loretta55@gmail.com,7423885652,"Not Provided"
325,"Lauren Walsh",markgarcia@barton.org,1234266980,"726 Stephen Mall, Lake Scottborough, OH 95449"
346,"JOHN NEWMAN",evanlong@gmail.com,9544979127,"29271 Brian Gateway Suite 871, South Jean, MD 18625"
381,"Rebecca Robertson",tharris@miller.com,4502589632,"57483 Savage Drive Suite 806, Tiffanychester, WA 56765"
497,"Miss Sheri Yoder MD",noemail@example.com,3753028497,"96702 Allen Island, Port Kathy, ME 06009"
13,"Mr. Louis Morris DDS",millscarl@white.com,7310967899,"91037 Taylor Route Apt. 586, Lauraton, RI 35341"
46,"Gabriela Martinez",xjackson@martin.com,0000000000,"7232 Mills Loop Apt. 290, Lake Vincent, SC 39979"
65,"Bethany Richardson","oscar65@jenkins-brown.com",3491141520,"6986 Smith Mountains, West Nicholasfurt, OK 13310"
86,"Stacy Harrington",nicolemiller@hotmail.com,3188485200,"46810 Green Parkways Suite 101, Evanstown, MA 31446"
178,"Alison Nicholson",peter51@gmail.com,8984690819,"005 Green Isle Apt. 238, Sandraton, NM 10057"
192,"Howard Castillo","danielibarra@barnes-west.com",1562779630,"0854 Jenkins Valleys, Colemanview, AR 35669"
194,"Danielle Smith",masonlacey@moore.com,3041662411,"Not Provided"
256,"Christopher Banks",shane65@gmail.com,0000000000,"PSC 6604, Box 6558, APO AA 53872"
268,"Patricia Harris","hughesdaniel@gonzalez.com",5703943804,"3765 Joyce Rapids, South Timothy, LA 87929"
328,"Pamela Gordon","barnettlisa@colon-morrow.com",1680941491,"76283 May Road Apt. 053, Josephfort, NV 78991"
462,"David Rodgers",michaelandrews@gmail.com,6441119738,"3063 Perez Springs, Vincenthaven, HI 95399"
464,"Antonio Hale",lpierce@munoz.com,0347131719,"16259 Jennifer Green Apt. 947, Michelletown, DE 10598"
23,"Jamie Edwards",hayesmargaret@rich.net,6086803476,"2649 Hannah Divide Suite 718, East Kimberlyside, MO 54707"
99,"Chad Williams","breanna85@silva-weaver.com",7495450892,"5333 Matthew Shores, Nealmouth, UT 43904"
105,"Eric Ochoa",janicebolton@hotmail.com,4566907826,"3898 Sharp Mountain, Latoyamouth, ID 56703"
118,"Kenneth Salinas",kaitlyn64@benitez.com,1686462252,"2817 Jacob Circle, Port Katherine, MT 58268"
177,"Christopher Cervantes",perkinscrystal@davis.com,1528733978,"Not Provided"
182,"Tiffany Smith",joshua64@brown.biz,0336268040,"95493 Matthew Village Suite 601, Farleyport, ND 61253"
218,"Karen Gonzales",julianeal@gmail.com,3039429045,"9252 Mills Lane Suite 287, South Penny, TN 08988"
221,"WENDY KING",travis25@hotmail.com,8354884712,"772 Cameron Meadows Suite 175, East Kimberly, IN 28447"
227,"Erin Ellis",noemail@example.com,1089028515,"334 Roger Groves, East Kelsey, DC 58125"
282,"Colin Villa",jdonovan@hotmail.com,3406791766,"Not Provided"
347,"KRISTIN HERMAN",edwardburnett@taylor.biz,0048797888,"3585 Joel Place Suite 003, West Tiffanybury, SD 11250"
390,"Julie Padilla",chawkins@williams.com,0000000000,"18227 Aaron Fall Apt. 948, Lake Sara, DC 87334"
402,"Stephanie Decker",davidhenderson@gmail.com,0870826971,"60107 Eric Courts, Deannaside, OH 89337"
434,"Donna Chandler",martinmaria@brown.com,0000000000,"585 Spencer Extension, New Elizabeth, TX 45888"
453,"Robert Grant","armstrongtravis@mathis.com",0000000000,"647 William Crest Apt. 986, Joshuaburgh, VT 01776"
456,"Emily Bates",mark29@yahoo.com,0340153534,"5699 Campbell Squares, Michellechester, FL 94363"
479,"Jennifer Martin",adrianmedina@yahoo.com,8312441290,"659 Stephanie Crest Apt. 376, North Timothy, OR 49219"
47,"Aaron Young","montgomerymichelle@romero.com",2772200543,"701 Sara Fall Apt. 078, North Pattymouth, OR 43226"
54,"William Franco","johnwilliams@andrews-alexander.com",3805525782,"67275 Adam Streets, Deborahport, LA 99350"
91,"Jason Heath",hscott@gmail.com,2422412462,"Not Provided"
103,"Nicole Brooks",marcbrooks@hotmail.com,6903337363,"254 Dennis Corner Suite 785, New Blake, RI 44590"
147,"Amanda Adams",uwilliams@harding.com,6521568182,"9042 Faith Common Apt. 332, New Zachary, PA 85880"
149,"John Scott",shelbybonilla@yahoo.com,5466927589,"USNV Miller, FPO AA 66815"
153,"LISA MORRIS","hernandezstephen@gmail.com",8072791033,"635 Stephanie Springs, West Lisatown, ME 66310"
159,"Jorge Hernandez",roachanthony@gmail.com,1244731584,"8634 James Vista Suite 619, Gabrielborough, NM 57316"
170,"Chris Levy",tommy14@chavez.com,1074065004,"821 Thomas Street Apt. 691, Jefferyfort, IA 89433"
197,"MARK WARREN JR.",hsmith@yahoo.com,0000000000,"3522 Smith Mall Apt. 271, West Jacquelineborough, CT 70982"
254,"HEATHER MANNING","mary59@silva-clayton.info",2226189628,"431 Regina Court Apt. 267, Woodstown, UT 47999"
273,"JENNA RAY",perezdawn@gmail.com,1721436438,"00413 Maria Springs, North Jonville, MI 87216"
313,"Kimberly Jones","alicia14@rivera-taylor.com",6732318297,"572 Haney Junction, North Kathytown, TN 91056"
326,"Lawrence Nguyen",rachelmeyer@hotmail.com,0405612996,"9582 Guerrero Course, Berrystad, SC 10043"
329,"Christopher Klein",jessicahines@yahoo.com,8177602991,"68841 James Motorway Apt. 125, Jenniferburgh, MI 53101"
354,"Jordan Ortiz","brianmarquez@miller-williams.com",4362130096,"6694 Johnson Crest Apt. 533, Mooremouth, NE 52094"
365,"Danielle Mcfarland DVM",daniel71@vega-brown.org,8636536218,"9067 Brandon Ranch Suite 248, Haroldport, MS 49658"
406,"Amy Lara",kingryan@estrada.org,2413936967,"0987 Charles Meadow Suite 731, East Samuel, TX 04212"
6,"Dr. Steve James",jwelch@gmail.com,6112535544,"7598 Gutierrez Ferry Apt. 234, East Garrettville, CA 62522"
44,"Cynthia Price PhD",zferguson@yahoo.com,0505061387,"Not Provided"
56,"WILLIAM SAWYER","jessicawallace@lara-roberts.biz",1234785196,"462 Page Throughway Apt. 326, Angelaton, ME 77205"
63,"Barry Gregory",ujacobs@turner.com,4778485880,"USS Ewing, FPO AE 50784"
96,"MELANIE WARE",pdavidson@nash.biz,5803046875,"1903 Rosario Gateway, East Mark, SC 82459"
150,"Shawn Esparza",figueroajohn@smith.com,6136715778,"PSC 7112, Box 1663, APO AA 43587"
172,"ALLISON WANG","christinaturner@carpenter.com",0626078701,"9149 Vaughn Way, North Joyhaven, VT 07450"
255,"Lauren White","kpotts@blackwell-huerta.com",2294621354,"9709 Frey Lakes, Jamesview, AK 64675"
258,"Nathan Davis",jasonlove@yahoo.com,9274907280,"Not Provided"
271,"Rita Forbes","shansen@conner-baldwin.com",7782558825,"Not Provided"
306,"Glenn West","meltonmark@gray-stone.com",6533774604,"00784 Robert Heights Apt. 442, Hammondfort, WV 69915"
404,"Hannah Mooney DVM","gregorymullen@brown-white.org",7311804674,"75384 Denise Islands, North Pamela, IN 51011"
418,"Jose Young",noemail@example.com,1707403925,"529 Moss Track Apt. 712, East Rebecca, WA 33862"
438,"Rachel Norris","patelangela@perez-smith.com",9684424648,"Not Provided"
460,"Victoria Maynard",qbruce@gmail.com,7682251272,"666 Frederick Tunnel, Cisnerosberg, CA 81949"
467,"Melvin Smith",carl91@gmail.com,0000000000,"33508 Orozco Estate Suite 319, New Derrick, LA 66481"
18,"Laura Rodriguez",mdiaz@yahoo.com,2597927033,"110 Stacy Drive, Alexanderville, NV 62260"
19,"Daniel Medina",ana92@hale.net,4204394070,"510 Dillon Run Suite 368, West Toddside, HI 26567"
49,"Susan Lane",jenkinsaimee@vargas.com,6335693929,"Not Provided"
97,"John Morton",john73@yahoo.com,0000000000,"65120 Brown Ridge, Joneston, AR 39156"
109,"Jeanne Colon",nwright@reynolds.org,6032484137,"1185 Hayes Glen, New Bradley, CA 84238"
123,"Maurice Solis",kyle14@berry.com,2330276420,"7566 Allison Haven Suite 386, East Marcusshire, AR 93508"
144,"Colleen Miller",harrismelissa@yahoo.com,7210552472,"Not Provided"
334,"Matthew Giles","marksanders@fischer-friedman.net",8436998480,"USNS Mcclain, FPO AE 43870"
370,"Dana Carter",mjackson@ryan.info,1963045306,"8824 Mark Forks, Alexanderville, CA 94237"
419,"Justin White",mercedes22@bennett.com,0833444704,"Not Provided"
420,"Michael Crawford",qsimmons@moore.com,7522592061,"129 Anthony Land Apt. 294, North Marcuschester, AZ 20376"
441,"Ronald Edwards",awoodward@flores.com,9391038297,"1360 Hannah Islands Apt. 810, Markberg, IL 94169"
448,"David Mahoney",isaacbrooks@yahoo.com,4326118900,"616 Brent Bridge Apt. 867, North Sarah, WI 05107"
43,"Heather Maldonado",chensusan@gmail.com,7432806346,"PSC 5717, Box 3203, APO AE 94838"
77,"William Martinez",hooderic@gmail.com,9050975923,"0189 Davis Glens Apt. 361, Port Jaredfurt, MO 37848"
84,"Kathleen Harrell",matthew21@gonzales.com,7548214565,"86326 Hardin Mount, Sherrymouth, WI 01804"
98,"Jennifer Williamson",michellecobb@hotmail.com,7676991507,"10919 Rebecca Crossroad, Michaelfort, RI 58778"
101,"Pamela Williams","jamesthompson@higgins-morgan.net",2302410261,"7355 Shelley Union, Johnsland, FL 17644"
260,"Lisa Chung",shannon75@yahoo.com,3920567756,"2266 Morgan Turnpike Suite 626, Alexisburgh, OR 24606"
266,"Paul Vasquez",zmay@moore.info,1433080037,"22855 Avila Skyway, Smithport, AK 88272"
104,"John Ortiz",joshua02@yahoo.com,4151488814,"PSC 1115, Box 0835, APO AE 88988"
124,"Matthew Ray",jcarter@gmail.com,3059126620,"01859 Booker Road Suite 301, South Tracy, PA 23109"
160,"Jessica Burgess",lawsonruben@hotmail.com,2084964985,"56253 Jason Landing, Dustinmouth, AL 42259"
196,"Luis Wells","saundersjohnathan@yang-flowers.com",3878753577,"61620 April Crossing, East Samuel, AZ 56099"
236,"STEVEN RODRIGUEZ",trichards@hotmail.com,1995376601,"448 Barnes Villages Suite 510, Lake Lindabury, NM 29518"
243,"Alyssa Mcfarland",noemail@example.com,5214526471,"35157 Alexandria Brooks Apt. 805, East Aaronhaven, AL 43343"
265,"Charles Decker",fullerdebbie@yahoo.com,5904599080,"1122 Alexandra Station, North Karen, MA 11138"
285,"Richard Clark",richard34@gmail.com,3170695560,"1645 Joseph Green Suite 223, Port Barry, MN 06789"
289,"James Marquez",stevenperry@gmail.com,2145057661,"870 Jones Isle Apt. 482, North Dustinside, AR 03736"
298,"Joyce Mitchell MD",noemail@example.com,0394640830,"60601 Nichols Plains Suite 084, South Vanessaborough, TN 72899"
300,"Ralph Chan",olsonchristina@gmail.com,6384091122,"5056 Garcia Passage, Lewisborough, SC 63864"
377,"Lynn Ray",fsmith@bond.org,0000000000,"4692 Colin Spring, West Christopher, OR 53298"
436,"Cory Moreno",noemail@example.com,8926087882,"2787 Alec Views, Whiteland, HI 16521"
455,"Natalie Hernandez","ginaharris@harmon-perkins.net",0854818674,"09984 John Crest, Lake Marymouth, CT 69102"
168,"TRACY AGUILAR",thomaswilliams@gmail.com,4388221145,"474 Ellis Views Suite 458, Rodriguezhaven, SC 03217"
191,"JOHN WASHINGTON",mcampbell@liu.com,0000000000,"578 Natalie Ville, West Elizabeth, WY 83079"
203,"Teresa Collins",noemail@example.com,9711121259,"03571 Kyle Springs, Lake Katelyn, ME 07491"
209,"Audrey Roman",kimberly58@yahoo.com,2686120594,"0740 Miranda Mount Suite 095, Ronaldport, AK 71640"
262,"Lisa George",jenny25@hotmail.com,6335357485,"325 Jean Ridge Apt. 379, Zamoramouth, CT 50851"
333,"Alexis Duran","christopherpittman@gmail.com",5521650587,"USNV Sullivan, FPO AE 96509"
341,"Rebecca Cole",kenneth22@yahoo.com,4859655942,"116 Johnson Vista Apt. 002, Nathanbury, SD 30921"
348,"Sarah Berry",kjones@wiggins.com,2929501437,"93096 Miller Spur, Davisville, MO 06847"
380,"Jeffery Adkins",jeremy70@taylor.biz,5007418948,"29876 Michelle Loop Suite 294, Sueville, VA 12047"
431,"Max Williams",elizabeth88@gmail.com,1856302750,"56619 Newman Brook, Paulville, KS 74600"
432,"Jeffrey Weaver",dcole@hotmail.com,2600136510,"4299 Phillip Harbor Suite 686, Fredton, FL 17022"
435,"Scott Garcia",tracy91@jones-rogers.com,4774473535,"8417 Michael Hills Suite 344, North Mathew, NY 70534"
446,"Sara Hoover",kevinclark@wolf.com,7758333647,"30909 Sheri Keys Apt. 860, New David, MI 35170"
494,"Jacob Davies",jesse84@hartman.com,7806643158,"64928 Mark Flats, Hamptonville, AR 79023"
100,"Kylie Rogers",gmurphy@yahoo.com,7303379337,"636 Margaret Avenue Suite 015, New Dariusport, ID 83251"
148,"Patricia West",kelly96@macdonald.biz,3991297102,"171 Edwards Hill Apt. 149, Michaelland, VT 60891"
242,"Amy Bailey",flemingcameron@hill.com,2637484539,"89509 Jennifer Knolls Apt. 191, Crossborough, PA 24007"
250,"Nathan Johnson",bridgescarolyn@yahoo.com,2285011688,"550 Rachel Spur, North Patrick, AR 51294"
279,"Jeffrey Harrell",leejessica@yahoo.com,7986239847,"061 Janet Trail Apt. 054, Campbellmouth, ND 79838"
284,"AARON LAMBERT",ogriffin@gmail.com,6772696084,"8550 Romero Loaf Suite 935, Lake Chris, UT 90059"
316,"Kristen Williams",russelljohn@hotmail.com,5098221040,"PSC 6481, Box 8804, APO AP 96614"
343,"Aaron Diaz",keith18@trujillo.net,2312392049,"018 Robert Overpass Apt. 387, Andrewburgh, NJ 53457"
350,"Joshua Guerrero",kimberly12@yahoo.com,1140868250,"29462 Mary Ramp Apt. 556, Port Judytown, IL 94305"
351,"Linda Anderson",frankjeremy@yahoo.com,2436585856,"04120 Veronica Center, Martinezburgh, IN 73577"
392,"Steven Malone","drogers@king-gonzalez.com",7756919832,"291 Fleming Via, South Kennethton, GA 76790"
412,"Ashley Maxwell",zcook@rice-larson.com,6199314584,"6311 Sarah Plaza Suite 034, East Maria, TN 97607"
451,"Charles Wong",matthewlewis@nelson.com,4477269032,"1327 Miller Mountain Suite 802, Stacystad, ND 46475"
470,"JULIE JOHNSON",noemail@example.com,0000000000,"80274 Mary Parkway Suite 726, East Annamouth, WI 99033"
475,"AMANDA PETERSON","carterjames@gutierrez.com",3172947638,"065 Brown Keys, Danielbury, PA 29974"
38,"John Martinez","johnathan94@hodge-smith.com",7524372805,"Unit 2927 Box 6637, DPO AP 84069"
82,"Todd Reed DDS",keithlee@kim-romero.org,6657293417,"97167 Young Point, North Michaelview, TX 21289"
89,"Kevin Williams",jason70@gmail.com,0000000000,"922 Gill Shores Suite 251, Hughesfurt, ND 06506"
111,"Stephanie Patel",copelandlisa@hotmail.com,9006335331,"Not Provided"
138,"Aaron Armstrong",ugordon@green.com,1230834024,"PSC 4033, Box 8105, APO AP 79820"
143,"Shannon Spence",dylan77@wilson.com,1522655767,"523 Barnes Parks Suite 883, Millerchester, OK 91399"
165,"JONATHAN SLOAN",noemail@example.com,4912711307,"8754 Sara Corner, Ryanberg, NY 56973"
167,"Jenna Garcia",yharris@gmail.com,0128974325,"57207 Cook Fall, Nicoleburgh, WV 01776"
179,"Kristy Bishop",tina69@salazar.com,7835674300,"960 Williams Trafficway, Dominguezchester, NE 72530"
225,"Kristina Gonzales",angela40@gmail.com,0000000000,"16667 Marie Circle, Allenchester, NY 43370"
359,"Crystal Mcgrath",irandolph@gmail.com,0480675712,"149 Davis Rue Apt. 287, Laceychester, NY 20219"
411,"Taylor Garcia","coffeywhitney@griffin.info",5346557922,"Not Provided"
424,"Logan Patel",jessica89@glenn.info,6999949812,"Not Provided"
449,"George Sparks",egriffith@hotmail.com,9005779500,"59007 Christina Corners, Port Kimberly, NV 23001"
468,"Alexander Turner",zburke@cervantes.com,2151675864,"95348 Clarence Islands, Port Davidview, NM 55631"
471,"Joseph Zavala",angelabass@gmail.com,2076327135,"6259 Jeffery Pines Suite 879, South Paulatown, KS 68266"
481,"Randall Johnson",leslie24@lee.com,5355051432,"3087 Lowery Mountain, West Steven, MN 91258"
489,"Deborah Delgado","jeremy55@harmon-adams.com",9009378146,"614 Stanley Pike Suite 437, South Jessicaland, WV 59663"
500,"Leslie Preston",jasonwalton@woods.info,2560413482,"315 Carrie Summit Apt. 912, South Alejandro, CA 38458"
